subset,model,TN,FP,FN,TP
"('FCTH',)",LogisticRegression,11958,1303,2060,2253
"('FCTH',)",RandomForestClassifier,12314,947,2150,2163
"('FCTH',)",GaussianNB,7139,6122,521,3792
"('JCD',)",LogisticRegression,12007,1254,1749,2564
"('JCD',)",RandomForestClassifier,12816,445,2732,1581
"('JCD',)",GaussianNB,9331,3930,873,3440
"('Tamura',)",LogisticRegression,11678,1583,1219,3094
"('Tamura',)",RandomForestClassifier,12500,761,2588,1725
"('Tamura',)",GaussianNB,11680,1581,1412,2901
"('FCTH', 'JCD')",LogisticRegression,12048,1213,1900,2413
"('FCTH', 'JCD')",RandomForestClassifier,12790,471,2689,1624
"('FCTH', 'JCD')",GaussianNB,10299,2962,1033,3280
"('FCTH', 'Tamura')",LogisticRegression,11984,1277,1804,2509
"('FCTH', 'Tamura')",RandomForestClassifier,12373,888,2324,1989
"('FCTH', 'Tamura')",GaussianNB,10521,2740,536,3777
"('JCD', 'Tamura')",LogisticRegression,12058,1203,1896,2417
"('JCD', 'Tamura')",RandomForestClassifier,12622,639,2490,1823
"('JCD', 'Tamura')",GaussianNB,10565,2696,866,3447
"('FCTH', 'JCD', 'Tamura')",LogisticRegression,12179,1082,2050,2263
"('FCTH', 'JCD', 'Tamura')",RandomForestClassifier,12612,649,2384,1929
"('FCTH', 'JCD', 'Tamura')",GaussianNB,11007,2254,1022,3291
